,Name,rt_start,rt_end,mz,Charge,Product mz,CE,Normalized Intensity
0,Valine,0.3,1,118.086,1,72.08,11.829172731990642,0.9320670706010239
1,Valine,0.3,1,118.086,1,55.05,21.466614592455755,0.31669558101360107
2,Valine,0.3,1,118.086,1,57.06,31.10405645292087,0.1019191489710544
3,Valine,0.3,1,118.086,1,56.05,40.741498313385975,0.05865677303232289
4,Valine,0.3,1,118.086,1,53.04,31.10405645292087,0.013016374640977883
